{"dayNumber":11,"meanLifeLenght":9.74712643678161,"meanChildrenNumber":0.5402298850574713,"meanEnergy":20.114942528735632,"noOfAnimals":87,"noOfPlants":264}
