{"dayNumber":19,"meanLifeLenght":17.97826086956522,"meanChildrenNumber":0.5217391304347826,"meanEnergy":21.804347826086957,"noOfAnimals":46,"noOfPlants":318}
